kind	path
direct	cluster/cluster.hpp
direct	math32/math32.hpp
direct	math64/math64.hpp
direct	rund/compute.hpp
direct	rund/compute/async.hpp
direct	rund/compute/math.hpp
direct	rund/compute/pipeline.hpp
direct	rund/compute/session.hpp
direct	rund/evidence.hpp
direct	rund/host.hpp
direct	rund/net.hpp
direct	rund/replay.hpp
direct	rund/rund.hpp
direct	rund/session.hpp
direct	rund/storage.hpp
direct	rund/task.hpp
private-file	accel/graph.hpp
private-file	kernel/program/compute/dsl.hpp
private-tree	accel/graph
private-tree	kernel/internal
private-tree	kernel/program/compute/dsl
private-tree	kernel/program/compute/graph
private-tree	node/accel
